name,email,country,salary,experience
Leigh Carter,Nam@netus.org,Liechtenstein,9633,2
Cheryl Pierce,per@sagittisplacerat.org,Marshall Islands,9278,2
Maia Tanner,aliquam.arcu.Aliquam@gravidaPraesent.ca,Croatia,7209,7
Shoshana Frederick,nec.metus.facilisis@acturpisegestas.ca,Yemen,7006,7
Virginia Hewitt,tellus.id@ante.ca,Kuwait,8099,1
Mikayla Sims,eleifend.vitae@faucibusleoin.co.uk,Bahamas,5354,6
Desiree Trevino,porta@inconsequat.com,Indonesia,8497,10
Aline Bates,Fusce.dolor@sagittislobortis.co.uk,Slovenia,9439,10
Jolene Workman,varius.ultrices@egetmetuseu.org,Saint Helena,9496,1
Kameko Kirk,posuere.cubilia.Curae@duiFusce.ca,Guyana,6833,7
Beverly Mcdonald,interdum.feugiat@dignissimmagnaa.co.uk,Suriname,7582,5
Gwendolyn May,montes.nascetur@nonduinec.edu,Yemen,6478,4
Xerxes Stephens,euismod.enim.Etiam@enim.co.uk,Martinique,7899,10
Leilani Moore,lacinia.Sed@infelisNulla.edu,Norfolk Island,7000,3
Lenore Munoz,Maecenas@antebibendumullamcorper.net,Peru,9601,10
April Tillman,auctor@Vivamusnon.ca,Indonesia,5967,2
Martena Rose,eu.accumsan.sed@vitaepurus.org,Moldova,8271,7
Oprah Thornton,eros@sed.co.uk,Luxembourg,9518,8
Lara Peck,risus.at@consequatauctornunc.net,Austria,7173,10
Shea Valentine,nisi.Cum@nuncQuisque.org,Grenada,8509,1
Hilary Boyer,Sed@vellectus.net,Luxembourg,6752,2
Mira Mccarthy,Proin.vel.arcu@varius.org,New Caledonia,9273,4
Mira Rush,adipiscing@ullamcorpervelit.ca,Macao,6131,1
Jaden Bailey,ut.pellentesque.eget@Crasegetnisi.ca,Montserrat,8941,3
Mara Vaughn,semper@erategettincidunt.net,Costa Rica,7295,7
Althea Burks,ac@Nullatinciduntneque.org,Guernsey,6395,8
Mara Walters,magnis@imperdietdictum.edu,Cuba,5117,9
Regina Hill,nunc.Quisque.ornare@Phasellus.co.uk,Togo,7072,6
Minerva Roth,laoreet.posuere.enim@nullaIntegervulputate.edu,Montenegro,8235,2
Hanae Fuentes,Aliquam@eu.co.uk,Bhutan,8080,7
Marny Clarke,tincidunt.nunc@sit.co.uk,Monaco,5194,10
Jessica Alexander,Duis@etmagnis.edu,Greenland,9643,8
Olga Dean,Quisque.ac@montes.com,Spain,6973,9
Cleo Goodman,vehicula.aliquet@magna.co.uk,Central African Republic,9365,9
Shafira Golden,turpis.nec.mauris@tellusidnunc.net,Suriname,9311,9
Dana Mercer,auctor.Mauris.vel@Praesent.ca,Saudi Arabia,5859,9
Ruth Turner,tellus.Aenean.egestas@aliquameros.ca,Tunisia,9469,4
Dora Wheeler,vitae.mauris.sit@pedeSuspendisse.ca,French Guiana,7376,9
Petra Mcmahon,nunc.sit.amet@auctorvelit.edu,Iraq,7018,5
Georgia Kline,neque.Nullam.nisl@pharetra.ca,Paraguay,7042,7
Ella Reilly,ut.odio@commodo.edu,Liberia,8963,9
Violet Navarro,montes@tellusNunclectus.net,Central African Republic,9064,1
Orla Warner,pharetra.sed.hendrerit@volutpatornarefacilisis.co.uk,Saint Pierre and Miquelon,9675,7
Abra Bowman,mattis.semper@Nunc.com,Gibraltar,7204,3
Britanney West,sociosqu.ad.litora@diam.ca,Antarctica,7359,6
Tara Mcfarland,molestie.dapibus@gravidasitamet.com,Marshall Islands,6742,9
Deborah Koch,eleifend.egestas.Sed@dolorsit.ca,Moldova,5212,6
Tanisha Noel,enim@est.ca,Sri Lanka,9622,3
Marcia Fitzgerald,hendrerit.a@Suspendisse.net,Monaco,8481,6
Ainsley Rowe,Proin@Vivamus.com,Turks and Caicos Islands,5036,3
Colette Petersen,sodales.nisi@Pellentesqueutipsum.org,Jordan,8694,4
Phyllis Cameron,nulla.magna@elementum.edu,Syria,6352,4
Olympia Walls,feugiat.Sed.nec@leoin.org,Guyana,7007,9
Madeline Davis,arcu.imperdiet.ullamcorper@atsemmolestie.net,Mauritania,6489,9
Germane Nolan,Nam.consequat@bibendumullamcorperDuis.org,Australia,8400,4
Jenette Willis,ipsum@semperegestas.co.uk,Pitcairn Islands,9616,10
Veda Booker,ac.tellus.Suspendisse@laoreet.com,Afghanistan,8712,2
Kelsey Acosta,pede.sagittis.augue@Aeneanegestashendrerit.co.uk,Ghana,6357,8
Teegan Puckett,elit.Curabitur@nisiAeneaneget.ca,Uruguay,7437,4
Daryl Burke,a@Vestibulumanteipsum.net,Maldives,9205,7
Chiquita Vang,Aenean@ac.ca,Sweden,8391,7
Olga Cobb,Lorem.ipsum.dolor@nuncsedlibero.org,Slovenia,9601,6
Stacey Ball,elit.pharetra.ut@nibh.edu,Costa Rica,6497,3
Desirae Hill,vel@primisin.org,San Marino,9676,8
Kyla Waters,Sed.dictum.Proin@Nulla.co.uk,Taiwan,6029,5
Gloria Hoffman,cubilia@Praesenteu.edu,Eritrea,8307,5
Adara Alexander,blandit.viverra.Donec@Cras.edu,Bonaire,5441,6
Melodie Hayden,vestibulum@elitCurabitur.org,Algeria,9711,1
Yeo Carter,vulputate.lacus@porttitorerosnec.edu,Greece,6936,5
Maggy Whitehead,ipsum@Quisquefringilla.co.uk,Ukraine,6843,9
Wilma Cash,nascetur.ridiculus@imperdiet.co.uk,Mali,7992,4
Odessa Ochoa,ullamcorper@aodio.com,British Indian Ocean Territory,7347,10
Lysandra Salas,consequat@dapibus.com,Thailand,7353,10
Kim Foreman,a.neque.Nullam@Phaselluselitpede.ca,Rwanda,6930,7
Hayfa Schwartz,lorem.ac.risus@Phasellus.org,Mongolia,7414,1
Ima Mitchell,diam.Duis.mi@blandit.ca,Dominican Republic,5721,1
Rachel Horne,quam.quis.diam@nullaIntegervulputate.net,Korea,8208,3
Venus Marquez,Integer.in@eleifend.edu,Latvia,8208,2
Eden Cantrell,erat@iaculis.org,Burkina Faso,6986,1
Marcia Slater,molestie.orci.tincidunt@Namtempordiam.org,Montserrat,8942,10
Bree Farmer,sapien.molestie@odio.edu,Nauru,6265,9
Tanya Emerson,mollis@Mauris.net,Luxembourg,8186,1
Blythe Morris,ac@sed.com,Sweden,8146,6
Halla Smith,risus.In@utlacusNulla.com,Switzerland,9760,3
Melodie Dillard,sed@dapibusrutrumjusto.edu,Grenada,7658,10
Iliana Blair,diam.eu.dolor@DonecegestasDuis.net,Cook Islands,6139,10
Xantha Hendricks,Curabitur.massa@velitPellentesque.com,Andorra,6253,1
Noel Howe,sit.amet@aliquam.org,United Arab Emirates,8047,10
Shaine Lopez,pretium.neque@eudui.net,Libya,5659,7
Bethany Sears,elementum@loremsit.net,Solomon Islands,8041,2
Unity Villarreal,Cum.sociis@risusa.co.uk,Azerbaijan,6169,4
Tasha Jefferson,nec.urna@Donec.edu,Malta,5971,6
Kai Gilbert,hendrerit.Donec.porttitor@porttitor.co.uk,Martinique,5503,4
Nomlanga Reed,Donec.est.mauris@aneque.org,Burundi,5035,6
Roary Moses,nisi@metus.org,Maldives,8878,4
Mercedes Garner,risus.Nunc.ac@acsemut.net,Nepal,7250,8
Rhona Cote,lectus.convallis@sed.co.uk,Congo (Brazzaville),7203,2
Sophia Espinoza,ut@venenatislacusEtiam.edu,British Indian Ocean Territory,9199,1
Jana Lang,eget.varius@metus.net,New Zealand,5019,2
Raven Battle,Proin.nisl@maurisrhoncusid.org,Guam,8971,7
